col_1,col_2,col_3,col_4,col_5,col_6,col_7,col_8
0.0,0.0,56.130001068115234,0.0,0.0,0.0,0.0,0.0
0.0,0.0,56.130001068115234,0.0,0.0,0.0,0.0,0.0
0.0,0.0,47.97999954223633,0.0,0.0,0.0,0.0,0.0
0.0,0.0,31.68000030517578,0.0,0.0,0.0,0.0,0.0
0.0,0.0,12.470000267028809,0.0,0.0,0.0,0.0,0.0
0.0,0.0,56.709999084472656,0.0,0.0,0.0,0.0,0.0
0.0,0.0,50.88999938964844,0.0,0.0,0.0,0.0,0.0
0.0,0.0,56.130001068115234,0.0,0.0,0.0,0.0,0.0
0.0,0.0,56.130001068115234,0.0,0.0,0.0,0.0,0.0
0.0,0.0,6.070000171661377,0.0,0.0,0.0,0.0,0.0
0.0,0.0,56.130001068115234,0.0,0.0,0.0,0.0,0.0
0.0,0.0,31.100000381469727,0.0,0.0,0.0,0.0,0.0
0.0,0.0,2.5799999237060547,0.0,0.0,0.0,0.0,0.0
0.0,0.0,57.869998931884766,0.0,0.0,0.0,0.0,0.0
0.0,0.0,75.33999633789062,0.0,0.0,0.0,0.0,0.0
0.0,0.0,11.890000343322754,0.0,0.0,0.0,0.0,0.0
0.0,0.0,56.709999084472656,0.0,0.0,0.0,0.0,0.0
0.0,0.0,50.88999938964844,0.0,0.0,0.0,0.0,0.0
0.0,0.0,74.75,0.0,0.0,0.0,0.0,0.0
0.0,0.0,57.869998931884766,0.0,0.0,0.0,0.0,0.0
0.0,0.0,11.890000343322754,0.0,0.0,0.0,0.0,0.0
0.0,0.0,56.709999084472656,0.0,0.0,0.0,0.0,0.0
0.0,0.0,50.88999938964844,0.0,0.0,0.0,0.0,0.0
0.0,0.0,74.75,0.0,0.0,0.0,0.0,0.0
0.0,0.0,57.869998931884766,0.0,0.0,0.0,0.0,0.0
0.0,0.0,11.890000343322754,0.0,0.0,0.0,0.0,0.0
0.0,0.0,56.709999084472656,0.0,0.0,0.0,0.0,0.0
0.0,0.0,50.88999938964844,0.0,0.0,0.0,0.0,0.0
0.0,0.0,74.75,0.0,0.0,0.0,0.0,0.0
0.0,0.0,57.869998931884766,0.0,0.0,0.0,0.0,0.0
0.0,0.0,11.890000343322754,0.0,0.0,0.0,0.0,0.0
0.0,0.0,56.709999084472656,0.0,0.0,0.0,0.0,0.0
0.0,0.0,50.88999938964844,0.0,0.0,0.0,0.0,0.0
0.0,0.0,74.75,0.0,0.0,0.0,0.0,0.0
0.0,0.0,57.869998931884766,0.0,0.0,0.0,0.0,0.0
0.0,0.0,11.890000343322754,0.0,0.0,0.0,0.0,0.0
0.0,0.0,56.709999084472656,0.0,0.0,0.0,0.0,0.0
0.0,0.0,50.88999938964844,0.0,0.0,0.0,0.0,0.0
0.0,0.0,74.75,0.0,0.0,0.0,0.0,0.0
0.0,0.0,57.869998931884766,0.0,0.0,0.0,0.0,0.0
0.0,0.0,11.890000343322754,0.0,0.0,0.0,0.0,0.0
0.0,0.0,56.709999084472656,0.0,0.0,0.0,0.0,0.0
0.0,0.0,50.88999938964844,0.0,0.0,0.0,0.0,0.0
0.0,0.0,74.75,0.0,0.0,0.0,0.0,0.0
0.0,0.0,57.869998931884766,0.0,0.0,0.0,0.0,0.0
0.0,0.0,11.890000343322754,0.0,0.0,0.0,0.0,0.0
0.0,0.0,56.709999084472656,0.0,0.0,0.0,0.0,0.0
0.0,0.0,50.88999938964844,0.0,0.0,0.0,0.0,0.0
0.0,0.0,74.75,0.0,0.0,0.0,0.0,0.0
0.0,0.0,57.869998931884766,0.0,0.0,0.0,0.0,0.0
0.0,0.0,11.890000343322754,0.0,0.0,0.0,0.0,0.0
0.0,0.0,56.709999084472656,0.0,0.0,0.0,0.0,0.0
0.0,0.0,50.88999938964844,0.0,0.0,0.0,0.0,0.0
0.0,0.0,74.75,0.0,0.0,0.0,0.0,0.0
0.0,0.0,57.869998931884766,0.0,0.0,0.0,0.0,0.0
0.0,0.0,11.890000343322754,0.0,0.0,0.0,0.0,0.0
0.0,0.0,56.709999084472656,0.0,0.0,0.0,0.0,0.0
0.0,0.0,50.88999938964844,0.0,0.0,0.0,0.0,0.0
0.0,0.0,74.75,0.0,0.0,0.0,0.0,0.0
0.0,0.0,57.869998931884766,0.0,0.0,0.0,0.0,0.0
0.0,0.0,11.890000343322754,0.0,0.0,0.0,0.0,0.0
0.0,0.0,56.709999084472656,0.0,0.0,0.0,0.0,0.0
0.0,0.0,50.88999938964844,0.0,0.0,0.0,0.0,0.0
0.0,0.0,74.75,0.0,0.0,0.0,0.0,0.0
0.0,0.0,57.869998931884766,0.0,0.0,0.0,0.0,0.0
0.0,0.0,11.890000343322754,0.0,0.0,0.0,0.0,0.0
0.0,0.0,56.709999084472656,0.0,0.0,0.0,0.0,0.0
0.0,0.0,50.88999938964844,0.0,0.0,0.0,0.0,0.0
0.0,0.0,74.75,0.0,0.0,0.0,0.0,0.0
0.0,0.0,57.869998931884766,0.0,0.0,0.0,0.0,0.0
0.0,0.0,11.890000343322754,0.0,0.0,0.0,0.0,0.0
0.0,0.0,56.709999084472656,0.0,0.0,0.0,0.0,0.0
0.0,0.0,50.88999938964844,0.0,0.0,0.0,0.0,0.0
0.0,0.0,74.75,0.0,0.0,0.0,0.0,0.0
0.0,0.0,57.869998931884766,0.0,0.0,0.0,0.0,0.0
0.0,0.0,11.890000343322754,0.0,0.0,0.0,0.0,0.0
0.0,0.0,56.709999084472656,0.0,0.0,0.0,0.0,0.0
0.0,0.0,50.88999938964844,0.0,0.0,0.0,0.0,0.0
0.0,0.0,74.75,0.0,0.0,0.0,0.0,0.0
0.0,0.0,57.869998931884766,0.0,0.0,0.0,0.0,0.0
0.0,0.0,11.890000343322754,0.0,0.0,0.0,0.0,0.0
0.0,0.0,56.709999084472656,0.0,0.0,0.0,0.0,0.0
0.0,0.0,50.88999938964844,0.0,0.0,0.0,0.0,0.0
0.0,0.0,74.75,0.0,0.0,0.0,0.0,0.0
0.0,0.0,57.869998931884766,0.0,0.0,0.0,0.0,0.0
0.0,0.0,11.890000343322754,0.0,0.0,0.0,0.0,0.0
0.0,0.0,56.709999084472656,0.0,0.0,0.0,0.0,0.0
0.0,0.0,50.88999938964844,0.0,0.0,0.0,0.0,0.0
0.0,0.0,74.75,0.0,0.0,0.0,0.0,0.0
0.0,0.0,57.869998931884766,0.0,0.0,0.0,0.0,0.0
0.0,0.0,11.890000343322754,0.0,0.0,0.0,0.0,0.0
0.0,0.0,56.709999084472656,0.0,0.0,0.0,0.0,0.0
0.0,0.0,50.88999938964844,0.0,0.0,0.0,0.0,0.0
0.0,0.0,74.75,0.0,0.0,0.0,0.0,0.0
0.0,0.0,57.869998931884766,0.0,0.0,0.0,0.0,0.0
0.0,0.0,11.890000343322754,0.0,0.0,0.0,0.0,0.0
0.0,0.0,56.709999084472656,0.0,0.0,0.0,0.0,0.0
0.0,0.0,50.88999938964844,0.0,0.0,0.0,0.0,0.0
0.0,0.0,74.75,0.0,0.0,0.0,0.0,0.0
0.0,0.0,57.869998931884766,0.0,0.0,0.0,0.0,0.0
0.0,0.0,11.890000343322754,0.0,0.0,0.0,0.0,0.0
0.0,0.0,56.709999084472656,0.0,0.0,0.0,0.0,0.0
0.0,0.0,50.88999938964844,0.0,0.0,0.0,0.0,0.0
0.0,0.0,74.75,0.0,0.0,0.0,0.0,0.0
0.0,0.0,57.869998931884766,0.0,0.0,0.0,0.0,0.0
0.0,0.0,11.890000343322754,0.0,0.0,0.0,0.0,0.0
0.0,0.0,56.709999084472656,0.0,0.0,0.0,0.0,0.0
0.0,0.0,50.88999938964844,0.0,0.0,0.0,0.0,0.0
0.0,0.0,74.75,0.0,0.0,0.0,0.0,0.0
0.0,0.0,57.869998931884766,0.0,0.0,0.0,0.0,0.0
0.0,0.0,11.890000343322754,0.0,0.0,0.0,0.0,0.0
0.0,0.0,56.709999084472656,0.0,0.0,0.0,0.0,0.0
0.0,0.0,50.88999938964844,0.0,0.0,0.0,0.0,0.0
0.0,0.0,74.75,0.0,0.0,0.0,0.0,0.0
0.0,0.0,57.869998931884766,0.0,0.0,0.0,0.0,0.0
0.0,0.0,11.890000343322754,0.0,0.0,0.0,0.0,0.0
0.0,0.0,56.709999084472656,0.0,0.0,0.0,0.0,0.0
0.0,0.0,50.88999938964844,0.0,0.0,0.0,0.0,0.0
0.0,0.0,74.75,0.0,0.0,0.0,0.0,0.0
0.0,0.0,57.869998931884766,0.0,0.0,0.0,0.0,0.0
0.0,0.0,11.890000343322754,0.0,0.0,0.0,0.0,0.0
0.0,0.0,56.709999084472656,0.0,0.0,0.0,0.0,0.0
0.0,0.0,50.88999938964844,0.0,0.0,0.0,0.0,0.0
0.0,0.0,74.75,0.0,0.0,0.0,0.0,0.0
0.0,0.0,57.869998931884766,0.0,0.0,0.0,0.0,0.0
0.0,0.0,11.890000343322754,0.0,0.0,0.0,0.0,0.0
0.0,0.0,56.709999084472656,0.0,0.0,0.0,0.0,0.0
0.0,0.0,50.88999938964844,0.0,0.0,0.0,0.0,0.0
0.0,0.0,74.75,0.0,0.0,0.0,0.0,0.0
0.0,0.0,57.869998931884766,0.0,0.0,0.0,0.0,0.0
0.0,0.0,11.890000343322754,0.0,0.0,0.0,0.0,0.0
0.0,0.0,56.709999084472656,0.0,0.0,0.0,0.0,0.0
0.0,0.0,50.88999938964844,0.0,0.0,0.0,0.0,0.0
0.0,0.0,74.75,0.0,0.0,0.0,0.0,0.0
0.0,0.0,57.869998931884766,0.0,0.0,0.0,0.0,0.0
0.0,0.0,11.890000343322754,0.0,0.0,0.0,0.0,0.0
0.0,0.0,56.709999084472656,0.0,0.0,0.0,0.0,0.0
0.0,0.0,50.88999938964844,0.0,0.0,0.0,0.0,0.0
0.0,0.0,74.75,0.0,0.0,0.0,0.0,0.0
0.0,0.0,57.869998931884766,0.0,0.0,0.0,0.0,0.0
0.0,0.0,11.890000343322754,0.0,0.0,0.0,0.0,0.0
0.0,0.0,56.709999084472656,0.0,0.0,0.0,0.0,0.0
0.0,0.0,50.88999938964844,0.0,0.0,0.0,0.0,0.0
0.0,0.0,74.75,0.0,0.0,0.0,0.0,0.0
0.0,0.0,57.869998931884766,0.0,0.0,0.0,0.0,0.0
0.0,0.0,11.890000343322754,0.0,0.0,0.0,0.0,0.0
0.0,0.0,56.709999084472656,0.0,0.0,0.0,0.0,0.0
0.0,0.0,50.88999938964844,0.0,0.0,0.0,0.0,0.0
0.0,0.0,74.75,0.0,0.0,0.0,0.0,0.0
0.0,0.0,57.869998931884766,0.0,0.0,0.0,0.0,0.0
0.0,0.0,11.890000343322754,0.0,0.0,0.0,0.0,0.0
0.0,0.0,56.709999084472656,0.0,0.0,0.0,0.0,0.0
0.0,0.0,50.88999938964844,0.0,0.0,0.0,0.0,0.0
0.0,0.0,53.220001220703125,0.0,0.0,0.0,0.0,0.0
0.0,0.0,56.709999084472656,0.0,0.0,0.0,0.0,0.0
0.0,0.0,56.709999084472656,0.0,0.0,0.0,0.0,0.0
0.0,0.0,56.130001068115234,0.0,0.0,0.0,0.0,0.0
0.0,0.0,56.709999084472656,0.0,0.0,0.0,0.0,0.0
0.0,0.0,50.310001373291016,0.0,0.0,0.0,0.0,0.0
0.0,0.0,53.220001220703125,0.0,0.0,0.0,0.0,0.0
0.0,0.0,56.709999084472656,0.0,0.0,0.0,0.0,0.0
0.0,0.0,56.130001068115234,0.0,0.0,0.0,0.0,0.0
0.0,0.0,49.13999938964844,0.0,0.0,0.0,0.0,0.0
0.0,0.0,75.33999633789062,0.0,0.0,0.0,0.0,0.0
0.0,0.0,50.310001373291016,0.0,0.0,0.0,0.0,0.0
0.0,0.0,53.220001220703125,0.0,0.0,0.0,0.0,0.0
0.0,0.0,56.709999084472656,0.0,0.0,0.0,0.0,0.0
0.0,0.0,56.130001068115234,0.0,0.0,0.0,0.0,0.0
0.0,0.0,31.100000381469727,0.0,0.0,0.0,0.0,0.0
0.0,0.0,56.130001068115234,0.0,0.0,0.0,0.0,0.0
0.0,0.0,49.13999938964844,0.0,0.0,0.0,0.0,0.0
0.0,0.0,56.130001068115234,0.0,0.0,0.0,0.0,0.0
0.0,0.0,56.130001068115234,0.0,0.0,0.0,0.0,0.0
0.0,0.0,56.130001068115234,0.0,0.0,0.0,0.0,0.0
0.0,0.0,6.070000171661377,0.0,0.0,0.0,0.0,0.0
0.0,0.0,1.9900000095367432,0.0,0.0,0.0,0.0,0.0
0.0,0.0,84.06999969482422,0.0,0.0,0.0,0.0,0.0
0.0,0.0,75.33999633789062,0.0,0.0,0.0,0.0,0.0
0.0,0.0,13.050000190734863,0.0,0.0,0.0,0.0,0.0
0.0,0.0,29.93000030517578,0.0,0.0,0.0,0.0,0.0
0.0,0.0,84.6500015258789,0.0,0.0,0.0,0.0,0.0
0.0,0.0,84.06999969482422,0.0,0.0,0.0,0.0,0.0
0.0,0.0,84.6500015258789,0.0,0.0,0.0,0.0,0.0
0.0,0.0,13.050000190734863,0.0,0.0,0.0,0.0,0.0
0.0,0.0,11.890000343322754,0.0,0.0,0.0,0.0,0.0
0.0,0.0,56.709999084472656,0.0,0.0,0.0,0.0,0.0
0.0,0.0,50.88999938964844,0.0,0.0,0.0,0.0,0.0
0.0,0.0,56.709999084472656,0.0,0.0,0.0,0.0,0.0
0.0,0.0,50.310001373291016,0.0,0.0,0.0,0.0,0.0
0.0,0.0,53.220001220703125,0.0,0.0,0.0,0.0,0.0
0.0,0.0,56.709999084472656,0.0,0.0,0.0,0.0,0.0
0.0,0.0,56.130001068115234,0.0,0.0,0.0,0.0,0.0
0.0,0.0,49.13999938964844,0.0,0.0,0.0,0.0,0.0
0.0,0.0,75.33999633789062,0.0,0.0,0.0,0.0,0.0
0.0,0.0,50.310001373291016,0.0,0.0,0.0,0.0,0.0
0.0,0.0,53.220001220703125,0.0,0.0,0.0,0.0,0.0
0.0,0.0,56.709999084472656,0.0,0.0,0.0,0.0,0.0
0.0,0.0,53.220001220703125,0.0,0.0,0.0,0.0,0.0
0.0,0.0,56.130001068115234,0.0,0.0,0.0,0.0,0.0
0.0,0.0,49.13999938964844,0.0,0.0,0.0,0.0,0.0
0.0,0.0,39.25,0.0,0.0,0.0,0.0,0.0
0.0,0.0,1.9900000095367432,0.0,0.0,0.0,0.0,0.0
0.0,0.0,53.220001220703125,0.0,0.0,0.0,0.0,0.0
0.0,0.0,84.06999969482422,0.0,0.0,0.0,0.0,0.0
0.0,0.0,50.310001373291016,0.0,0.0,0.0,0.0,0.0
0.0,0.0,53.220001220703125,0.0,0.0,0.0,0.0,0.0
0.0,0.0,56.709999084472656,0.0,0.0,0.0,0.0,0.0
0.0,0.0,53.220001220703125,0.0,0.0,0.0,0.0,0.0
0.0,0.0,50.310001373291016,0.0,0.0,0.0,0.0,0.0
0.0,0.0,53.220001220703125,0.0,0.0,0.0,0.0,0.0
0.0,0.0,56.130001068115234,0.0,0.0,0.0,0.0,0.0
0.0,0.0,74.75,0.0,0.0,0.0,0.0,0.0
0.0,0.0,47.400001525878906,0.0,0.0,0.0,0.0,0.0
0.0,0.0,56.130001068115234,0.0,0.0,0.0,0.0,0.0
0.0,0.0,49.13999938964844,0.0,0.0,0.0,0.0,0.0
0.0,0.0,56.130001068115234,0.0,0.0,0.0,0.0,0.0
0.0,0.0,49.13999938964844,0.0,0.0,0.0,0.0,0.0
0.0,0.0,56.130001068115234,0.0,0.0,0.0,0.0,0.0
0.0,0.0,49.13999938964844,0.0,0.0,0.0,0.0,0.0
0.0,0.0,56.130001068115234,0.0,0.0,0.0,0.0,0.0
0.0,0.0,49.13999938964844,0.0,0.0,0.0,0.0,0.0
0.0,0.0,56.130001068115234,0.0,0.0,0.0,0.0,0.0
0.0,0.0,49.13999938964844,0.0,0.0,0.0,0.0,0.0
0.0,0.0,56.130001068115234,0.0,0.0,0.0,0.0,0.0
0.0,0.0,49.13999938964844,0.0,0.0,0.0,0.0,0.0
0.0,0.0,56.130001068115234,0.0,0.0,0.0,0.0,0.0
0.0,0.0,49.13999938964844,0.0,0.0,0.0,0.0,0.0
0.0,0.0,56.130001068115234,0.0,0.0,0.0,0.0,0.0
0.0,0.0,49.13999938964844,0.0,0.0,0.0,0.0,0.0
0.0,0.0,28.190000534057617,0.0,0.0,0.0,0.0,0.0
0.0,0.0,56.130001068115234,0.0,0.0,0.0,0.0,0.0
0.0,0.0,56.130001068115234,0.0,0.0,0.0,0.0,0.0
0.0,0.0,56.130001068115234,0.0,0.0,0.0,0.0,0.0
0.0,0.0,6.070000171661377,0.0,0.0,0.0,0.0,0.0
0.0,0.0,1.9900000095367432,0.0,0.0,0.0,0.0,0.0
0.0,0.0,84.06999969482422,0.0,0.0,0.0,0.0,0.0
0.0,0.0,75.33999633789062,0.0,0.0,0.0,0.0,0.0
0.0,0.0,13.050000190734863,0.0,0.0,0.0,0.0,0.0
0.0,0.0,28.770000457763672,0.0,0.0,0.0,0.0,0.0
0.0,0.0,80.56999969482422,0.0,0.0,0.0,0.0,0.0
0.0,0.0,47.97999954223633,0.0,0.0,0.0,0.0,0.0
0.0,0.0,88.13999938964844,0.0,0.0,0.0,0.0,0.0
0.0,0.0,84.06999969482422,0.0,0.0,0.0,0.0,0.0
0.0,0.0,88.13999938964844,0.0,0.0,0.0,0.0,0.0
0.0,0.0,13.050000190734863,0.0,0.0,0.0,0.0,0.0
0.0,0.0,56.130001068115234,0.0,0.0,0.0,0.0,0.0
0.0,0.0,79.98999786376953,0.0,0.0,0.0,0.0,0.0
0.0,0.0,0.8299999833106995,0.07000000029802322,0.0,0.07999999821186066,0.0,0.0
0.0,0.0,47.97999954223633,0.0,0.0,0.0,0.0,0.0
0.0,0.0,78.83000183105469,0.0,0.0,0.0,0.0,0.0
0.0,0.0,79.98999786376953,0.0,0.0,0.0,0.0,0.0
0.0,0.0,0.8299999833106995,0.07000000029802322,0.0,0.07999999821186066,0.0,0.0
0.0,0.0,85.80999755859375,0.0,0.0,0.0,0.0,0.0
0.0,0.0,84.06999969482422,0.0,0.0,0.0,0.0,0.0
0.0,0.0,85.80999755859375,0.0,0.0,0.0,0.0,0.0
0.0,0.0,47.97999954223633,0.0,0.0,0.0,0.0,0.0
0.0,0.0,39.25,0.0,0.0,0.0,0.0,0.0
0.0,0.0,56.130001068115234,0.0,0.0,0.0,0.0,0.0
0.0,0.0,79.41000366210938,0.0,0.0,0.0,0.0,0.0
0.0,0.0,0.8299999833106995,0.07000000029802322,0.0,0.07999999821186066,0.0,0.0
0.0,0.0,47.97999954223633,0.0,0.0,0.0,0.0,0.0
0.0,0.0,56.130001068115234,0.0,0.0,0.0,0.0,0.0
0.0,0.0,78.83000183105469,0.0,0.0,0.0,0.0,0.0
0.0,0.0,0.8299999833106995,0.07000000029802322,0.0,0.07999999821186066,0.0,0.0
0.0,0.0,85.80999755859375,0.0,0.0,0.0,0.0,0.0
0.0,0.0,84.06999969482422,0.0,0.0,0.0,0.0,0.0
0.0,0.0,85.80999755859375,0.0,0.0,0.0,0.0,0.0
0.0,0.0,47.97999954223633,0.0,0.0,0.0,0.0,0.0
0.0,0.0,56.130001068115234,0.0,0.0,0.0,0.0,0.0
0.0,0.0,78.25,0.0,0.0,0.0,0.0,0.0
0.0,0.0,0.8299999833106995,0.07000000029802322,0.0,0.07999999821186066,0.0,0.0
0.0,0.0,47.97999954223633,0.0,0.0,0.0,0.0,0.0
0.0,0.0,56.130001068115234,0.0,0.0,0.0,0.0,0.0
0.0,0.0,77.66000366210938,0.0,0.0,0.0,0.0,0.0
0.0,0.0,0.8299999833106995,0.07000000029802322,0.0,0.07999999821186066,0.0,0.0
0.0,0.0,84.6500015258789,0.0,0.0,0.0,0.0,0.0
0.0,0.0,84.06999969482422,0.0,0.0,0.0,0.0,0.0
0.0,0.0,84.6500015258789,0.0,0.0,0.0,0.0,0.0
0.0,0.0,47.97999954223633,0.0,0.0,0.0,0.0,0.0
0.0,0.0,56.130001068115234,0.0,0.0,0.0,0.0,0.0
0.0,0.0,77.08000183105469,0.0,0.0,0.0,0.0,0.0
0.0,0.0,0.8299999833106995,0.07000000029802322,0.0,0.07999999821186066,0.0,0.0
0.0,0.0,47.97999954223633,0.0,0.0,0.0,0.0,0.0
0.0,0.0,56.709999084472656,0.0,0.0,0.0,0.0,0.0
0.0,0.0,76.5,0.0,0.0,0.0,0.0,0.0
0.0,0.0,0.8299999833106995,0.07000000029802322,0.0,0.07999999821186066,0.0,0.0
0.0,0.0,84.6500015258789,0.0,0.0,0.0,0.0,0.0
0.0,0.0,84.06999969482422,0.0,0.0,0.0,0.0,0.0
0.0,0.0,84.6500015258789,0.0,0.0,0.0,0.0,0.0
0.0,0.0,47.97999954223633,0.0,0.0,0.0,0.0,0.0
0.0,0.0,56.709999084472656,0.0,0.0,0.0,0.0,0.0
0.0,0.0,75.91999816894531,0.0,0.0,0.0,0.0,0.0
0.0,0.0,0.8299999833106995,0.07000000029802322,0.0,0.07999999821186066,0.0,0.0
0.0,0.0,47.97999954223633,0.0,0.0,0.0,0.0,0.0
0.0,0.0,84.06999969482422,0.0,0.0,0.0,0.0,0.0
0.0,0.0,47.400001525878906,0.0,0.0,0.0,0.0,0.0
0.0,0.0,84.06999969482422,0.0,0.0,0.0,0.0,0.0
0.0,0.0,75.33999633789062,0.0,0.0,0.0,0.0,0.0
0.0,0.0,84.06999969482422,0.0,0.0,0.0,0.0,0.0
0.0,0.0,1.9900000095367432,0.0,0.0,0.0,0.0,0.0
0.0,0.0,56.709999084472656,0.0,0.0,0.0,0.0,0.0
0.0,0.0,0.8299999833106995,0.07000000029802322,0.0,0.07999999821186066,0.0,0.0
0.0,0.0,84.06999969482422,0.0,0.0,0.0,0.0,0.0
0.0,0.0,141.69000244140625,0.0,0.0,0.0,0.0,0.0
0.0,0.0,53.220001220703125,0.0,0.0,0.0,0.0,0.0
0.0,0.0,56.709999084472656,0.0,0.0,0.0,0.0,0.0
0.0,0.0,56.130001068115234,0.0,0.0,0.0,0.0,0.0
0.0,0.0,31.100000381469727,0.0,0.0,0.0,0.0,0.0
0.0,0.0,56.130001068115234,0.0,0.0,0.0,0.0,0.0
0.0,0.0,74.75,0.0,0.0,0.0,0.0,0.0
0.0,0.0,49.13999938964844,0.0,0.0,0.0,0.0,0.0
0.0,0.0,56.130001068115234,0.0,0.0,0.0,0.0,0.0
0.0,0.0,56.130001068115234,0.0,0.0,0.0,0.0,0.0
0.0,0.0,56.130001068115234,0.0,0.0,0.0,0.0,0.0
0.0,0.0,6.070000171661377,0.0,0.0,0.0,0.0,0.0
0.0,0.0,1.9900000095367432,0.0,0.0,0.0,0.0,0.0
0.0,0.0,84.06999969482422,0.0,0.0,0.0,0.0,0.0
0.0,0.0,75.33999633789062,0.0,0.0,0.0,0.0,0.0
0.0,0.0,13.050000190734863,0.0,0.0,0.0,0.0,0.0
0.0,0.0,29.93000030517578,0.0,0.0,0.0,0.0,0.0
0.0,0.0,84.6500015258789,0.0,0.0,0.0,0.0,0.0
0.0,0.0,84.06999969482422,0.0,0.0,0.0,0.0,0.0
0.0,0.0,84.6500015258789,0.0,0.0,0.0,0.0,0.0
0.0,0.0,13.050000190734863,0.0,0.0,0.0,0.0,0.0
0.0,0.0,11.890000343322754,0.0,0.0,0.0,0.0,0.0
0.0,0.0,56.709999084472656,0.0,0.0,0.0,0.0,0.0
0.0,0.0,50.88999938964844,0.0,0.0,0.0,0.0,0.0
0.0,0.0,56.709999084472656,0.0,0.0,0.0,0.0,0.0
0.0,0.0,50.310001373291016,0.0,0.0,0.0,0.0,0.0
0.0,0.0,53.220001220703125,0.0,0.0,0.0,0.0,0.0
0.0,0.0,56.709999084472656,0.0,0.0,0.0,0.0,0.0
0.0,0.0,53.220001220703125,0.0,0.0,0.0,0.0,0.0
0.0,0.0,56.130001068115234,0.0,0.0,0.0,0.0,0.0
0.0,0.0,56.130001068115234,0.0,0.0,0.0,0.0,0.0
0.0,0.0,56.709999084472656,0.0,0.0,0.0,0.0,0.0
0.0,0.0,56.709999084472656,0.0,0.0,0.0,0.0,0.0
0.0,0.0,50.310001373291016,0.0,0.0,0.0,0.0,0.0
0.0,0.0,53.220001220703125,0.0,0.0,0.0,0.0,0.0
0.0,0.0,56.709999084472656,0.0,0.0,0.0,0.0,0.0
0.0,0.0,56.130001068115234,0.0,0.0,0.0,0.0,0.0
0.0,0.0,31.100000381469727,0.0,0.0,0.0,0.0,0.0
0.0,0.0,56.130001068115234,0.0,0.0,0.0,0.0,0.0
0.0,0.0,74.75,0.0,0.0,0.0,0.0,0.0
0.0,0.0,49.13999938964844,0.0,0.0,0.0,0.0,0.0
0.0,0.0,56.130001068115234,0.0,0.0,0.0,0.0,0.0
0.0,0.0,56.130001068115234,0.0,0.0,0.0,0.0,0.0
0.0,0.0,56.130001068115234,0.0,0.0,0.0,0.0,0.0
0.0,0.0,6.070000171661377,0.0,0.0,0.0,0.0,0.0
0.0,0.0,1.9900000095367432,0.0,0.0,0.0,0.0,0.0
0.0,0.0,84.06999969482422,0.0,0.0,0.0,0.0,0.0
0.0,0.0,75.33999633789062,0.0,0.0,0.0,0.0,0.0
0.0,0.0,13.050000190734863,0.0,0.0,0.0,0.0,0.0
0.0,0.0,29.93000030517578,0.0,0.0,0.0,0.0,0.0
0.0,0.0,84.6500015258789,0.0,0.0,0.0,0.0,0.0
0.0,0.0,84.06999969482422,0.0,0.0,0.0,0.0,0.0
0.0,0.0,84.6500015258789,0.0,0.0,0.0,0.0,0.0
0.0,0.0,13.050000190734863,0.0,0.0,0.0,0.0,0.0
0.0,0.0,11.890000343322754,0.0,0.0,0.0,0.0,0.0
0.0,0.0,56.709999084472656,0.0,0.0,0.0,0.0,0.0
0.0,0.0,50.88999938964844,0.0,0.0,0.0,0.0,0.0
0.0,0.0,56.709999084472656,0.0,0.0,0.0,0.0,0.0
0.0,0.0,50.310001373291016,0.0,0.0,0.0,0.0,0.0
0.0,0.0,53.220001220703125,0.0,0.0,0.0,0.0,0.0
0.0,0.0,56.709999084472656,0.0,0.0,0.0,0.0,0.0
0.0,0.0,56.130001068115234,0.0,0.0,0.0,0.0,0.0
0.0,0.0,49.13999938964844,0.0,0.0,0.0,0.0,0.0
0.0,0.0,75.33999633789062,0.0,0.0,0.0,0.0,0.0
0.0,0.0,50.310001373291016,0.0,0.0,0.0,0.0,0.0
0.0,0.0,53.220001220703125,0.0,0.0,0.0,0.0,0.0
0.0,0.0,56.709999084472656,0.0,0.0,0.0,0.0,0.0
0.0,0.0,56.130001068115234,0.0,0.0,0.0,0.0,0.0
0.0,0.0,49.13999938964844,0.0,0.0,0.0,0.0,0.0
0.0,0.0,75.33999633789062,0.0,0.0,0.0,0.0,0.0
0.0,0.0,50.310001373291016,0.0,0.0,0.0,0.0,0.0
0.0,0.0,53.220001220703125,0.0,0.0,0.0,0.0,0.0
0.0,0.0,56.709999084472656,0.0,0.0,0.0,0.0,0.0
0.0,0.0,56.130001068115234,0.0,0.0,0.0,0.0,0.0
0.0,0.0,49.13999938964844,0.0,0.0,0.0,0.0,0.0
0.0,0.0,75.33999633789062,0.0,0.0,0.0,0.0,0.0
0.0,0.0,50.310001373291016,0.0,0.0,0.0,0.0,0.0
0.0,0.0,53.220001220703125,0.0,0.0,0.0,0.0,0.0
0.0,0.0,56.709999084472656,0.0,0.0,0.0,0.0,0.0
0.0,0.0,56.130001068115234,0.0,0.0,0.0,0.0,0.0
0.0,0.0,49.13999938964844,0.0,0.0,0.0,0.0,0.0
0.0,0.0,56.130001068115234,0.0,0.0,0.0,0.0,0.0
0.0,0.0,56.130001068115234,0.0,0.0,0.0,0.0,0.0
0.0,0.0,56.130001068115234,0.0,0.0,0.0,0.0,0.0
0.0,0.0,6.070000171661377,0.0,0.0,0.0,0.0,0.0
0.0,0.0,1.9900000095367432,0.0,0.0,0.0,0.0,0.0
0.0,0.0,13.050000190734863,0.0,0.0,0.0,0.0,0.0
0.0,0.0,75.33999633789062,0.0,0.0,0.0,0.0,0.0
0.0,0.0,50.310001373291016,0.0,0.0,0.0,0.0,0.0
0.0,0.0,53.220001220703125,0.0,0.0,0.0,0.0,0.0
0.0,0.0,56.709999084472656,0.0,0.0,0.0,0.0,0.0
0.0,0.0,56.130001068115234,0.0,0.0,0.0,0.0,0.0
0.0,0.0,49.13999938964844,0.0,0.0,0.0,0.0,0.0
0.0,0.0,75.33999633789062,0.0,0.0,0.0,0.0,0.0
0.0,0.0,50.310001373291016,0.0,0.0,0.0,0.0,0.0
0.0,0.0,53.220001220703125,0.0,0.0,0.0,0.0,0.0
0.0,0.0,56.709999084472656,0.0,0.0,0.0,0.0,0.0
0.0,0.0,56.130001068115234,0.0,0.0,0.0,0.0,0.0
0.0,0.0,49.13999938964844,0.0,0.0,0.0,0.0,0.0
0.0,0.0,75.33999633789062,0.0,0.0,0.0,0.0,0.0
0.0,0.0,50.310001373291016,0.0,0.0,0.0,0.0,0.0
0.0,0.0,53.220001220703125,0.0,0.0,0.0,0.0,0.0
0.0,0.0,56.709999084472656,0.0,0.0,0.0,0.0,0.0
0.0,0.0,56.130001068115234,0.0,0.0,0.0,0.0,0.0
0.0,0.0,31.100000381469727,0.0,0.0,0.0,0.0,0.0
0.0,0.0,56.130001068115234,0.0,0.0,0.0,0.0,0.0
0.0,0.0,74.75,0.0,0.0,0.0,0.0,0.0
0.0,0.0,49.13999938964844,0.0,0.0,0.0,0.0,0.0
0.0,0.0,75.91999816894531,0.0,0.0,0.0,0.0,0.0
0.0,0.0,84.06999969482422,0.0,0.0,0.0,0.0,0.0
0.0,0.0,75.33999633789062,0.0,0.0,0.0,0.0,0.0
0.0,0.0,9.5600004196167,0.0,0.0,0.0,0.0,0.0
0.0,0.0,12.470000267028809,0.0,0.0,0.0,0.0,0.0
0.0,0.0,56.709999084472656,0.0,0.0,0.0,0.0,0.0
0.0,0.0,50.88999938964844,0.0,0.0,0.0,0.0,0.0
0.0,0.0,46.810001373291016,0.0,0.0,0.0,0.0,0.0
0.0,0.0,56.130001068115234,0.0,0.0,0.0,0.0,0.0
0.0,0.0,47.97999954223633,0.0,0.0,0.0,0.0,0.0
0.0,0.0,56.130001068115234,0.0,0.0,0.0,0.0,0.0
0.0,0.0,1.409999966621399,0.0,0.0,0.0,0.0,0.0
0.0,0.0,74.16999816894531,0.0,0.0,0.0,0.0,0.0
0.0,0.0,75.33999633789062,0.0,0.0,0.0,0.0,0.0
0.0,0.0,0.8299999833106995,0.07000000029802322,0.0,0.07999999821186066,0.0,0.0
0.0,0.0,49.13999938964844,0.0,0.0,0.0,0.0,0.0
0.0,0.0,74.16999816894531,0.0,0.0,0.0,0.0,0.0
0.0,0.0,75.91999816894531,0.0,0.0,0.0,0.0,0.0
0.0,0.0,0.8299999833106995,0.07000000029802322,0.0,0.07999999821186066,0.0,0.0
0.0,0.0,49.13999938964844,0.0,0.0,0.0,0.0,0.0
0.0,0.0,74.16999816894531,0.0,0.0,0.0,0.0,0.0
0.0,0.0,85.2300033569336,0.0,0.0,0.0,0.0,0.0
0.0,0.0,84.06999969482422,0.0,0.0,0.0,0.0,0.0
0.0,0.0,85.2300033569336,0.0,0.0,0.0,0.0,0.0
0.0,0.0,0.8299999833106995,0.07000000029802322,0.0,0.07999999821186066,0.0,0.0
0.0,0.0,49.13999938964844,0.0,0.0,0.0,0.0,0.0
0.0,0.0,56.130001068115234,0.0,0.0,0.0,0.0,0.0
0.0,0.0,56.130001068115234,0.0,0.0,0.0,0.0,0.0
0.0,0.0,56.130001068115234,0.0,0.0,0.0,0.0,0.0
0.0,0.0,6.070000171661377,0.0,0.0,0.0,0.0,0.0
0.0,0.0,1.9900000095367432,0.0,0.0,0.0,0.0,0.0
0.0,0.0,84.6500015258789,0.0,0.0,0.0,0.0,0.0
0.0,0.0,84.06999969482422,0.0,0.0,0.0,0.0,0.0
0.0,0.0,84.6500015258789,0.0,0.0,0.0,0.0,0.0
0.0,0.0,13.050000190734863,0.0,0.0,0.0,0.0,0.0
0.0,0.0,84.6500015258789,0.0,0.0,0.0,0.0,0.0
0.0,0.0,84.06999969482422,0.0,0.0,0.0,0.0,0.0
0.0,0.0,76.5,0.0,0.0,0.0,0.0,0.0
0.0,0.0,50.310001373291016,0.0,0.0,0.0,0.0,0.0
0.0,0.0,53.220001220703125,0.0,0.0,0.0,0.0,0.0
0.0,0.0,56.709999084472656,0.0,0.0,0.0,0.0,0.0
0.0,0.0,56.130001068115234,0.0,0.0,0.0,0.0,0.0
0.0,0.0,31.100000381469727,0.0,0.0,0.0,0.0,0.0
0.0,0.0,53.220001220703125,0.0,0.0,0.0,0.0,0.0
0.0,0.0,56.130001068115234,0.0,0.0,0.0,0.0,0.0
0.0,0.0,49.13999938964844,0.0,0.0,0.0,0.0,0.0
0.0,0.0,30.520000457763672,0.0,0.0,0.0,0.0,0.0
0.0,0.0,9.5600004196167,0.0,0.0,0.0,0.0,0.0
0.0,0.0,56.709999084472656,0.0,0.0,0.0,0.0,0.0
0.0,0.0,50.88999938964844,0.0,0.0,0.0,0.0,0.0
0.0,0.0,56.130001068115234,0.0,0.0,0.0,0.0,0.0
0.0,0.0,49.13999938964844,0.0,0.0,0.0,0.0,0.0
0.0,0.0,30.520000457763672,0.0,0.0,0.0,0.0,0.0
0.0,0.0,10.140000343322754,0.0,0.0,0.0,0.0,0.0
0.0,0.0,12.470000267028809,0.0,0.0,0.0,0.0,0.0
0.0,0.0,56.709999084472656,0.0,0.0,0.0,0.0,0.0
0.0,0.0,50.88999938964844,0.0,0.0,0.0,0.0,0.0
0.0,0.0,56.130001068115234,0.0,0.0,0.0,0.0,0.0
0.0,0.0,49.13999938964844,0.0,0.0,0.0,0.0,0.0
0.0,0.0,56.130001068115234,0.0,0.0,0.0,0.0,0.0
0.0,0.0,47.400001525878906,0.0,0.0,0.0,0.0,0.0
0.0,0.0,56.130001068115234,0.0,0.0,0.0,0.0,0.0
0.0,0.0,56.130001068115234,0.0,0.0,0.0,0.0,0.0
0.0,0.0,56.130001068115234,0.0,0.0,0.0,0.0,0.0
0.0,0.0,6.070000171661377,0.0,0.0,0.0,0.0,0.0
0.0,0.0,1.9900000095367432,0.0,0.0,0.0,0.0,0.0
0.0,0.0,29.93000030517578,0.0,0.0,0.0,0.0,0.0
0.0,0.0,13.050000190734863,0.0,0.0,0.0,0.0,0.0
0.0,0.0,84.6500015258789,0.0,0.0,0.0,0.0,0.0
0.0,0.0,56.130001068115234,0.0,0.0,0.0,0.0,0.0
0.0,0.0,84.6500015258789,0.0,0.0,0.0,0.0,0.0
0.0,0.0,30.520000457763672,0.0,0.0,0.0,0.0,0.0
0.0,0.0,84.6500015258789,0.0,0.0,0.0,0.0,0.0
0.0,0.0,84.06999969482422,0.0,0.0,0.0,0.0,0.0
0.0,0.0,84.6500015258789,0.0,0.0,0.0,0.0,0.0
0.0,0.0,1.9900000095367432,0.0,0.0,0.0,0.0,0.0
0.0,0.0,84.06999969482422,0.0,0.0,0.0,0.0,0.0
0.0,0.0,75.91999816894531,0.0,0.0,0.0,0.0,0.0
0.0,0.0,75.33999633789062,0.0,0.0,0.0,0.0,0.0
0.0,0.0,75.33999633789062,0.0,0.0,0.0,0.0,0.0
0.0,0.0,75.33999633789062,0.0,0.0,0.0,0.0,0.0
0.0,0.0,77.66000366210938,0.0,0.0,0.0,0.0,0.0
0.0,0.0,79.41000366210938,0.0,0.0,0.0,0.0,0.0
0.0,0.0,76.5,0.0,0.0,0.0,0.0,0.0
0.0,0.0,140.52999877929688,0.0,0.0,0.0,0.0,0.0
0.0,0.0,46.810001373291016,0.0,0.0,0.0,0.0,0.0
0.0,0.0,46.810001373291016,0.0,0.0,0.0,0.0,0.0
0.0,0.0,46.810001373291016,0.0,0.0,0.0,0.0,0.0
0.0,0.0,46.810001373291016,0.0,0.0,0.0,0.0,0.0
0.0,0.0,46.810001373291016,0.0,0.0,0.0,0.0,0.0
0.0,0.0,53.220001220703125,0.0,0.0,0.0,0.0,0.0
0.0,0.0,56.709999084472656,0.0,0.0,0.0,0.0,0.0
0.0,0.0,56.709999084472656,0.0,0.0,0.0,0.0,0.0
0.0,0.0,50.310001373291016,0.0,0.0,0.0,0.0,0.0
0.0,0.0,53.220001220703125,0.0,0.0,0.0,0.0,0.0
0.0,0.0,56.709999084472656,0.0,0.0,0.0,0.0,0.0
0.0,0.0,56.130001068115234,0.0,0.0,0.0,0.0,0.0
0.0,0.0,49.13999938964844,0.0,0.0,0.0,0.0,0.0
0.0,0.0,56.130001068115234,0.0,0.0,0.0,0.0,0.0
0.0,0.0,56.130001068115234,0.0,0.0,0.0,0.0,0.0
0.0,0.0,56.130001068115234,0.0,0.0,0.0,0.0,0.0
0.0,0.0,6.070000171661377,0.0,0.0,0.0,0.0,0.0
0.0,0.0,1.9900000095367432,0.0,0.0,0.0,0.0,0.0
0.0,0.0,13.050000190734863,0.0,0.0,0.0,0.0,0.0
0.0,0.0,75.33999633789062,0.0,0.0,0.0,0.0,0.0
0.0,0.0,50.310001373291016,0.0,0.0,0.0,0.0,0.0
0.0,0.0,53.220001220703125,0.0,0.0,0.0,0.0,0.0
0.0,0.0,56.709999084472656,0.0,0.0,0.0,0.0,0.0
0.0,0.0,56.130001068115234,0.0,0.0,0.0,0.0,0.0
0.0,0.0,49.13999938964844,0.0,0.0,0.0,0.0,0.0
0.0,0.0,75.33999633789062,0.0,0.0,0.0,0.0,0.0
0.0,0.0,50.310001373291016,0.0,0.0,0.0,0.0,0.0
0.0,0.0,53.220001220703125,0.0,0.0,0.0,0.0,0.0
0.0,0.0,56.709999084472656,0.0,0.0,0.0,0.0,0.0
0.0,0.0,56.130001068115234,0.0,0.0,0.0,0.0,0.0
0.0,0.0,31.100000381469727,0.0,0.0,0.0,0.0,0.0
0.0,0.0,56.130001068115234,0.0,0.0,0.0,0.0,0.0
0.0,0.0,49.13999938964844,0.0,0.0,0.0,0.0,0.0
0.0,0.0,56.130001068115234,0.0,0.0,0.0,0.0,0.0
0.0,0.0,56.130001068115234,0.0,0.0,0.0,0.0,0.0
0.0,0.0,56.130001068115234,0.0,0.0,0.0,0.0,0.0
0.0,0.0,6.070000171661377,0.0,0.0,0.0,0.0,0.0
0.0,0.0,1.9900000095367432,0.0,0.0,0.0,0.0,0.0
0.0,0.0,84.06999969482422,0.0,0.0,0.0,0.0,0.0
0.0,0.0,75.33999633789062,0.0,0.0,0.0,0.0,0.0
0.0,0.0,13.050000190734863,0.0,0.0,0.0,0.0,0.0
0.0,0.0,29.93000030517578,0.0,0.0,0.0,0.0,0.0
0.0,0.0,84.6500015258789,0.0,0.0,0.0,0.0,0.0
0.0,0.0,84.06999969482422,0.0,0.0,0.0,0.0,0.0
0.0,0.0,84.6500015258789,0.0,0.0,0.0,0.0,0.0
0.0,0.0,13.050000190734863,0.0,0.0,0.0,0.0,0.0
0.0,0.0,11.890000343322754,0.0,0.0,0.0,0.0,0.0
0.0,0.0,56.709999084472656,0.0,0.0,0.0,0.0,0.0
0.0,0.0,50.88999938964844,0.0,0.0,0.0,0.0,0.0
0.0,0.0,56.709999084472656,0.0,0.0,0.0,0.0,0.0
0.0,0.0,50.310001373291016,0.0,0.0,0.0,0.0,0.0
0.0,0.0,53.220001220703125,0.0,0.0,0.0,0.0,0.0
0.0,0.0,56.709999084472656,0.0,0.0,0.0,0.0,0.0
0.0,0.0,56.130001068115234,0.0,0.0,0.0,0.0,0.0
0.0,0.0,49.13999938964844,0.0,0.0,0.0,0.0,0.0
0.0,0.0,75.33999633789062,0.0,0.0,0.0,0.0,0.0
0.0,0.0,50.310001373291016,0.0,0.0,0.0,0.0,0.0
0.0,0.0,53.220001220703125,0.0,0.0,0.0,0.0,0.0
0.0,0.0,56.130001068115234,0.0,0.0,0.0,0.0,0.0
0.0,0.0,49.13999938964844,0.0,0.0,0.0,0.0,0.0
0.0,0.0,56.130001068115234,0.0,0.0,0.0,0.0,0.0
0.0,0.0,49.13999938964844,0.0,0.0,0.0,0.0,0.0
0.0,0.0,56.130001068115234,0.0,0.0,0.0,0.0,0.0
0.0,0.0,74.75,0.0,0.0,0.0,0.0,0.0
0.0,0.0,47.400001525878906,0.0,0.0,0.0,0.0,0.0
0.0,0.0,56.130001068115234,0.0,0.0,0.0,0.0,0.0
0.0,0.0,49.13999938964844,0.0,0.0,0.0,0.0,0.0
0.0,0.0,56.130001068115234,0.0,0.0,0.0,0.0,0.0
0.0,0.0,49.13999938964844,0.0,0.0,0.0,0.0,0.0
0.0,0.0,56.130001068115234,0.0,0.0,0.0,0.0,0.0
0.0,0.0,49.13999938964844,0.0,0.0,0.0,0.0,0.0
0.0,0.0,56.130001068115234,0.0,0.0,0.0,0.0,0.0
0.0,0.0,49.13999938964844,0.0,0.0,0.0,0.0,0.0
0.0,0.0,56.130001068115234,0.0,0.0,0.0,0.0,0.0
0.0,0.0,49.13999938964844,0.0,0.0,0.0,0.0,0.0
0.0,0.0,56.130001068115234,0.0,0.0,0.0,0.0,0.0
0.0,0.0,49.13999938964844,0.0,0.0,0.0,0.0,0.0
0.0,0.0,56.130001068115234,0.0,0.0,0.0,0.0,0.0
0.0,0.0,49.13999938964844,0.0,0.0,0.0,0.0,0.0
0.0,0.0,56.130001068115234,0.0,0.0,0.0,0.0,0.0
0.0,0.0,49.13999938964844,0.0,0.0,0.0,0.0,0.0
0.0,0.0,56.130001068115234,0.0,0.0,0.0,0.0,0.0
0.0,0.0,49.13999938964844,0.0,0.0,0.0,0.0,0.0
0.0,0.0,56.130001068115234,0.0,0.0,0.0,0.0,0.0
0.0,0.0,49.13999938964844,0.0,0.0,0.0,0.0,0.0
0.0,0.0,28.190000534057617,0.0,0.0,0.0,0.0,0.0
0.0,0.0,56.130001068115234,0.0,0.0,0.0,0.0,0.0
0.0,0.0,56.130001068115234,0.0,0.0,0.0,0.0,0.0
0.0,0.0,56.130001068115234,0.0,0.0,0.0,0.0,0.0
0.0,0.0,6.070000171661377,0.0,0.0,0.0,0.0,0.0
0.0,0.0,1.9900000095367432,0.0,0.0,0.0,0.0,0.0
0.0,0.0,84.06999969482422,0.0,0.0,0.0,0.0,0.0
0.0,0.0,75.33999633789062,0.0,0.0,0.0,0.0,0.0
0.0,0.0,13.050000190734863,0.0,0.0,0.0,0.0,0.0
0.0,0.0,28.770000457763672,0.0,0.0,0.0,0.0,0.0
0.0,0.0,81.73999786376953,0.0,0.0,0.0,0.0,0.0
0.0,0.0,47.97999954223633,0.0,0.0,0.0,0.0,0.0
0.0,0.0,89.30999755859375,0.0,0.0,0.0,0.0,0.0
0.0,0.0,80.56999969482422,0.0,0.0,0.0,0.0,0.0
0.0,0.0,13.050000190734863,0.0,0.0,0.0,0.0,0.0
0.0,0.0,56.130001068115234,0.0,0.0,0.0,0.0,0.0
0.0,0.0,81.73999786376953,0.0,0.0,0.0,0.0,0.0
0.0,0.0,0.8299999833106995,0.07000000029802322,0.0,0.07999999821186066,0.0,0.0
0.0,0.0,47.97999954223633,0.0,0.0,0.0,0.0,0.0
0.0,0.0,80.56999969482422,0.0,0.0,0.0,0.0,0.0
0.0,0.0,81.73999786376953,0.0,0.0,0.0,0.0,0.0
0.0,0.0,0.8299999833106995,0.07000000029802322,0.0,0.07999999821186066,0.0,0.0
0.0,0.0,87.55999755859375,0.0,0.0,0.0,0.0,0.0
0.0,0.0,84.06999969482422,0.0,0.0,0.0,0.0,0.0
0.0,0.0,87.55999755859375,0.0,0.0,0.0,0.0,0.0
0.0,0.0,47.97999954223633,0.0,0.0,0.0,0.0,0.0
0.0,0.0,39.25,0.0,0.0,0.0,0.0,0.0
0.0,0.0,56.130001068115234,0.0,0.0,0.0,0.0,0.0
0.0,0.0,81.16000366210938,0.0,0.0,0.0,0.0,0.0
0.0,0.0,0.8299999833106995,0.07000000029802322,0.0,0.07999999821186066,0.0,0.0
0.0,0.0,47.97999954223633,0.0,0.0,0.0,0.0,0.0
0.0,0.0,56.130001068115234,0.0,0.0,0.0,0.0,0.0
0.0,0.0,80.56999969482422,0.0,0.0,0.0,0.0,0.0
0.0,0.0,0.8299999833106995,0.07000000029802322,0.0,0.07999999821186066,0.0,0.0
0.0,0.0,87.55999755859375,0.0,0.0,0.0,0.0,0.0
0.0,0.0,84.06999969482422,0.0,0.0,0.0,0.0,0.0
0.0,0.0,87.55999755859375,0.0,0.0,0.0,0.0,0.0
0.0,0.0,47.97999954223633,0.0,0.0,0.0,0.0,0.0
0.0,0.0,56.130001068115234,0.0,0.0,0.0,0.0,0.0
0.0,0.0,79.98999786376953,0.0,0.0,0.0,0.0,0.0
0.0,0.0,0.8299999833106995,0.07000000029802322,0.0,0.07999999821186066,0.0,0.0
0.0,0.0,85.80999755859375,0.0,0.0,0.0,0.0,0.0
0.0,0.0,84.06999969482422,0.0,0.0,0.0,0.0,0.0
0.0,0.0,85.80999755859375,0.0,0.0,0.0,0.0,0.0
0.0,0.0,47.97999954223633,0.0,0.0,0.0,0.0,0.0
0.0,0.0,56.130001068115234,0.0,0.0,0.0,0.0,0.0
0.0,0.0,79.41000366210938,0.0,0.0,0.0,0.0,0.0
0.0,0.0,0.8299999833106995,0.07000000029802322,0.0,0.07999999821186066,0.0,0.0
0.0,0.0,84.6500015258789,0.0,0.0,0.0,0.0,0.0
0.0,0.0,84.06999969482422,0.0,0.0,0.0,0.0,0.0
0.0,0.0,84.6500015258789,0.0,0.0,0.0,0.0,0.0
0.0,0.0,47.97999954223633,0.0,0.0,0.0,0.0,0.0
0.0,0.0,56.130001068115234,0.0,0.0,0.0,0.0,0.0
0.0,0.0,78.83000183105469,0.0,0.0,0.0,0.0,0.0
0.0,0.0,0.8299999833106995,0.07000000029802322,0.0,0.07999999821186066,0.0,0.0
0.0,0.0,47.97999954223633,0.0,0.0,0.0,0.0,0.0
0.0,0.0,56.709999084472656,0.0,0.0,0.0,0.0,0.0
0.0,0.0,78.25,0.0,0.0,0.0,0.0,0.0
0.0,0.0,0.8299999833106995,0.07000000029802322,0.0,0.07999999821186066,0.0,0.0
0.0,0.0,47.97999954223633,0.0,0.0,0.0,0.0,0.0
0.0,0.0,56.709999084472656,0.0,0.0,0.0,0.0,0.0
0.0,0.0,77.66000366210938,0.0,0.0,0.0,0.0,0.0
0.0,0.0,0.8299999833106995,0.07000000029802322,0.0,0.07999999821186066,0.0,0.0
0.0,0.0,84.6500015258789,0.0,0.0,0.0,0.0,0.0
0.0,0.0,84.06999969482422,0.0,0.0,0.0,0.0,0.0
0.0,0.0,84.6500015258789,0.0,0.0,0.0,0.0,0.0
0.0,0.0,47.97999954223633,0.0,0.0,0.0,0.0,0.0
0.0,0.0,86.4000015258789,0.0,0.0,0.0,0.0,0.0
0.0,0.0,75.91999816894531,0.0,0.0,0.0,0.0,0.0
0.0,0.0,13.050000190734863,0.0,0.0,0.0,0.0,0.0
0.0,0.0,56.709999084472656,0.0,0.0,0.0,0.0,0.0
0.0,0.0,77.08000183105469,0.0,0.0,0.0,0.0,0.0
0.0,0.0,0.8299999833106995,0.07000000029802322,0.0,0.07999999821186066,0.0,0.0
0.0,0.0,47.97999954223633,0.0,0.0,0.0,0.0,0.0
0.0,0.0,86.4000015258789,0.0,0.0,0.0,0.0,0.0
0.0,0.0,13.050000190734863,0.0,0.0,0.0,0.0,0.0
0.0,0.0,56.709999084472656,0.0,0.0,0.0,0.0,0.0
0.0,0.0,75.91999816894531,0.0,0.0,0.0,0.0,0.0
0.0,0.0,0.8299999833106995,0.07000000029802322,0.0,0.07999999821186066,0.0,0.0
0.0,0.0,47.97999954223633,0.0,0.0,0.0,0.0,0.0
0.0,0.0,56.709999084472656,0.0,0.0,0.0,0.0,0.0
0.0,0.0,75.33999633789062,0.0,0.0,0.0,0.0,0.0
0.0,0.0,0.8299999833106995,0.07000000029802322,0.0,0.07999999821186066,0.0,0.0
0.0,0.0,85.2300033569336,0.0,0.0,0.0,0.0,0.0
0.0,0.0,84.06999969482422,0.0,0.0,0.0,0.0,0.0
0.0,0.0,85.2300033569336,0.0,0.0,0.0,0.0,0.0
0.0,0.0,47.97999954223633,0.0,0.0,0.0,0.0,0.0
0.0,0.0,56.709999084472656,0.0,0.0,0.0,0.0,0.0
0.0,0.0,75.91999816894531,0.0,0.0,0.0,0.0,0.0
0.0,0.0,0.8299999833106995,0.07000000029802322,0.0,0.07999999821186066,0.0,0.0
0.0,0.0,85.2300033569336,0.0,0.0,0.0,0.0,0.0
0.0,0.0,84.06999969482422,0.0,0.0,0.0,0.0,0.0
0.0,0.0,85.2300033569336,0.0,0.0,0.0,0.0,0.0
0.0,0.0,47.97999954223633,0.0,0.0,0.0,0.0,0.0
0.0,0.0,84.06999969482422,0.0,0.0,0.0,0.0,0.0
0.0,0.0,47.400001525878906,0.0,0.0,0.0,0.0,0.0
0.0,0.0,84.06999969482422,0.0,0.0,0.0,0.0,0.0
0.0,0.0,75.33999633789062,0.0,0.0,0.0,0.0,0.0
0.0,0.0,84.06999969482422,0.0,0.0,0.0,0.0,0.0
0.0,0.0,1.9900000095367432,0.0,0.0,0.0,0.0,0.0
0.0,0.0,56.709999084472656,0.0,0.0,0.0,0.0,0.0
0.0,0.0,0.8299999833106995,0.07000000029802322,0.0,0.07999999821186066,0.0,0.0
0.0,0.0,84.06999969482422,0.0,0.0,0.0,0.0,0.0
0.0,0.0,141.69000244140625,0.0,0.0,0.0,0.0,0.0
0.0,0.0,53.220001220703125,0.0,0.0,0.0,0.0,0.0
0.0,0.0,56.709999084472656,0.0,0.0,0.0,0.0,0.0
0.0,0.0,56.130001068115234,0.0,0.0,0.0,0.0,0.0
0.0,0.0,49.13999938964844,0.0,0.0,0.0,0.0,0.0
0.0,0.0,56.709999084472656,0.0,0.0,0.0,0.0,0.0
0.0,0.0,50.310001373291016,0.0,0.0,0.0,0.0,0.0
0.0,0.0,53.220001220703125,0.0,0.0,0.0,0.0,0.0
0.0,0.0,56.709999084472656,0.0,0.0,0.0,0.0,0.0
0.0,0.0,56.130001068115234,0.0,0.0,0.0,0.0,0.0
0.0,0.0,49.13999938964844,0.0,0.0,0.0,0.0,0.0
0.0,0.0,56.130001068115234,0.0,0.0,0.0,0.0,0.0
0.0,0.0,56.130001068115234,0.0,0.0,0.0,0.0,0.0
0.0,0.0,56.130001068115234,0.0,0.0,0.0,0.0,0.0
0.0,0.0,6.070000171661377,0.0,0.0,0.0,0.0,0.0
0.0,0.0,1.9900000095367432,0.0,0.0,0.0,0.0,0.0
0.0,0.0,13.050000190734863,0.0,0.0,0.0,0.0,0.0
0.0,0.0,75.33999633789062,0.0,0.0,0.0,0.0,0.0
0.0,0.0,50.310001373291016,0.0,0.0,0.0,0.0,0.0
0.0,0.0,53.220001220703125,0.0,0.0,0.0,0.0,0.0
0.0,0.0,56.709999084472656,0.0,0.0,0.0,0.0,0.0
0.0,0.0,56.130001068115234,0.0,0.0,0.0,0.0,0.0
0.0,0.0,49.13999938964844,0.0,0.0,0.0,0.0,0.0
0.0,0.0,75.33999633789062,0.0,0.0,0.0,0.0,0.0
0.0,0.0,50.310001373291016,0.0,0.0,0.0,0.0,0.0
0.0,0.0,53.220001220703125,0.0,0.0,0.0,0.0,0.0
0.0,0.0,56.709999084472656,0.0,0.0,0.0,0.0,0.0
0.0,0.0,56.130001068115234,0.0,0.0,0.0,0.0,0.0
0.0,0.0,49.13999938964844,0.0,0.0,0.0,0.0,0.0
0.0,0.0,56.130001068115234,0.0,0.0,0.0,0.0,0.0
0.0,0.0,56.130001068115234,0.0,0.0,0.0,0.0,0.0
0.0,0.0,56.130001068115234,0.0,0.0,0.0,0.0,0.0
0.0,0.0,6.070000171661377,0.0,0.0,0.0,0.0,0.0
0.0,0.0,1.9900000095367432,0.0,0.0,0.0,0.0,0.0
0.0,0.0,13.050000190734863,0.0,0.0,0.0,0.0,0.0
0.0,0.0,75.33999633789062,0.0,0.0,0.0,0.0,0.0
0.0,0.0,50.310001373291016,0.0,0.0,0.0,0.0,0.0
0.0,0.0,53.220001220703125,0.0,0.0,0.0,0.0,0.0
0.0,0.0,56.709999084472656,0.0,0.0,0.0,0.0,0.0
0.0,0.0,56.130001068115234,0.0,0.0,0.0,0.0,0.0
0.0,0.0,49.13999938964844,0.0,0.0,0.0,0.0,0.0
0.0,0.0,75.33999633789062,0.0,0.0,0.0,0.0,0.0
0.0,0.0,50.310001373291016,0.0,0.0,0.0,0.0,0.0
0.0,0.0,53.220001220703125,0.0,0.0,0.0,0.0,0.0
0.0,0.0,56.709999084472656,0.0,0.0,0.0,0.0,0.0
0.0,0.0,56.130001068115234,0.0,0.0,0.0,0.0,0.0
0.0,0.0,31.100000381469727,0.0,0.0,0.0,0.0,0.0
0.0,0.0,56.130001068115234,0.0,0.0,0.0,0.0,0.0
0.0,0.0,49.13999938964844,0.0,0.0,0.0,0.0,0.0
0.0,0.0,56.130001068115234,0.0,0.0,0.0,0.0,0.0
0.0,0.0,56.130001068115234,0.0,0.0,0.0,0.0,0.0
0.0,0.0,56.130001068115234,0.0,0.0,0.0,0.0,0.0
0.0,0.0,6.070000171661377,0.0,0.0,0.0,0.0,0.0
0.0,0.0,1.9900000095367432,0.0,0.0,0.0,0.0,0.0
0.0,0.0,84.06999969482422,0.0,0.0,0.0,0.0,0.0
0.0,0.0,75.33999633789062,0.0,0.0,0.0,0.0,0.0
0.0,0.0,13.050000190734863,0.0,0.0,0.0,0.0,0.0
0.0,0.0,29.93000030517578,0.0,0.0,0.0,0.0,0.0
0.0,0.0,84.6500015258789,0.0,0.0,0.0,0.0,0.0
0.0,0.0,84.06999969482422,0.0,0.0,0.0,0.0,0.0
0.0,0.0,84.6500015258789,0.0,0.0,0.0,0.0,0.0
0.0,0.0,13.050000190734863,0.0,0.0,0.0,0.0,0.0
0.0,0.0,11.890000343322754,0.0,0.0,0.0,0.0,0.0
0.0,0.0,56.709999084472656,0.0,0.0,0.0,0.0,0.0
0.0,0.0,50.88999938964844,0.0,0.0,0.0,0.0,0.0
0.0,0.0,56.709999084472656,0.0,0.0,0.0,0.0,0.0
0.0,0.0,50.310001373291016,0.0,0.0,0.0,0.0,0.0
0.0,0.0,53.220001220703125,0.0,0.0,0.0,0.0,0.0
0.0,0.41999998688697815,0.25,0.9800000190734863,0.27000001072883606,0.3499999940395355,0.0,0.0
0.0,0.0,53.220001220703125,0.0,0.0,0.0,0.0,0.0
0.0,0.0,56.130001068115234,0.0,0.0,0.0,0.0,0.0
0.0,0.0,74.75,0.0,0.0,0.0,0.0,0.0
0.0,0.0,47.400001525878906,0.0,0.0,0.0,0.0,0.0
0.0,0.0,84.6500015258789,0.0,0.0,0.0,0.0,0.0
0.0,0.0,75.91999816894531,0.0,0.0,0.0,0.0,0.0
0.0,0.0,47.97999954223633,0.0,0.0,0.0,0.0,0.0
0.0,0.0,47.400001525878906,0.0,0.0,0.0,0.0,0.0
0.0,0.0,84.06999969482422,0.0,0.0,0.0,0.0,0.0
0.0,0.0,75.33999633789062,0.0,0.0,0.0,0.0,0.0
0.0,0.0,84.06999969482422,0.0,0.0,0.0,0.0,0.0
0.0,0.0,1.9900000095367432,0.0,0.0,0.0,0.0,0.0
0.0,0.0,56.130001068115234,0.0,0.0,0.0,0.0,0.0
0.0,0.0,0.8299999833106995,0.07000000029802322,0.0,0.07999999821186066,0.0,0.0
0.0,0.0,84.06999969482422,0.0,0.0,0.0,0.0,0.0
0.0,0.0,141.69000244140625,0.0,0.0,0.0,0.0,0.0
0.0,0.0,53.220001220703125,0.0,0.0,0.0,0.0,0.0
0.0,0.0,56.130001068115234,0.0,0.0,0.0,0.0,0.0
0.0,0.0,74.75,0.0,0.0,0.0,0.0,0.0
0.0,0.0,47.400001525878906,0.0,0.0,0.0,0.0,0.0
0.0,0.0,56.130001068115234,0.0,0.0,0.0,0.0,0.0
0.0,0.0,56.130001068115234,0.0,0.0,0.0,0.0,0.0
0.0,0.0,56.130001068115234,0.0,0.0,0.0,0.0,0.0
0.0,0.0,6.070000171661377,0.0,0.0,0.0,0.0,0.0
0.0,0.0,1.9900000095367432,0.0,0.0,0.0,0.0,0.0
0.0,0.0,85.2300033569336,0.0,0.0,0.0,0.0,0.0
0.0,0.0,84.06999969482422,0.0,0.0,0.0,0.0,0.0
0.0,0.0,85.2300033569336,0.0,0.0,0.0,0.0,0.0
0.0,0.0,13.050000190734863,0.0,0.0,0.0,0.0,0.0
0.0,0.0,75.91999816894531,0.0,0.0,0.0,0.0,0.0
0.0,0.0,47.97999954223633,0.0,0.0,0.0,0.0,0.0
0.0,0.0,47.400001525878906,0.0,0.0,0.0,0.0,0.0
0.0,0.0,84.06999969482422,0.0,0.0,0.0,0.0,0.0
0.0,0.0,75.33999633789062,0.0,0.0,0.0,0.0,0.0
0.0,0.0,84.06999969482422,0.0,0.0,0.0,0.0,0.0
0.0,0.0,1.9900000095367432,0.0,0.0,0.0,0.0,0.0
0.0,0.0,56.130001068115234,0.0,0.0,0.0,0.0,0.0
0.0,0.0,0.8299999833106995,0.07000000029802322,0.0,0.07999999821186066,0.0,0.0
0.0,0.0,84.06999969482422,0.0,0.0,0.0,0.0,0.0
0.0,0.0,141.69000244140625,0.0,0.0,0.0,0.0,0.0
0.0,0.0,53.220001220703125,0.0,0.0,0.0,0.0,0.0
0.0,0.0,56.130001068115234,0.0,0.0,0.0,0.0,0.0
0.0,0.0,74.75,0.0,0.0,0.0,0.0,0.0
0.0,0.0,47.400001525878906,0.0,0.0,0.0,0.0,0.0
0.0,0.0,56.130001068115234,0.0,0.0,0.0,0.0,0.0
0.0,0.0,56.130001068115234,0.0,0.0,0.0,0.0,0.0
0.0,0.0,56.130001068115234,0.0,0.0,0.0,0.0,0.0
0.0,0.0,6.070000171661377,0.0,0.0,0.0,0.0,0.0
0.0,0.0,1.9900000095367432,0.0,0.0,0.0,0.0,0.0
0.0,0.0,86.4000015258789,0.0,0.0,0.0,0.0,0.0
0.0,0.0,84.06999969482422,0.0,0.0,0.0,0.0,0.0
0.0,0.0,86.4000015258789,0.0,0.0,0.0,0.0,0.0
0.0,0.0,13.050000190734863,0.0,0.0,0.0,0.0,0.0
0.0,0.0,77.08000183105469,0.0,0.0,0.0,0.0,0.0
0.0,0.0,47.97999954223633,0.0,0.0,0.0,0.0,0.0
0.0,0.0,56.130001068115234,0.0,0.0,0.0,0.0,0.0
0.0,0.0,77.08000183105469,0.0,0.0,0.0,0.0,0.0
0.0,0.0,0.8299999833106995,0.07000000029802322,0.0,0.07999999821186066,0.0,0.0
0.0,0.0,85.2300033569336,0.0,0.0,0.0,0.0,0.0
0.0,0.0,84.06999969482422,0.0,0.0,0.0,0.0,0.0
0.0,0.0,85.2300033569336,0.0,0.0,0.0,0.0,0.0
0.0,0.0,47.97999954223633,0.0,0.0,0.0,0.0,0.0
0.0,0.0,75.91999816894531,0.0,0.0,0.0,0.0,0.0
0.0,0.0,75.91999816894531,0.0,0.0,0.0,0.0,0.0
0.0,0.0,0.8299999833106995,0.07000000029802322,0.0,0.07999999821186066,0.0,0.0
0.0,0.0,47.97999954223633,0.0,0.0,0.0,0.0,0.0
0.0,0.0,47.400001525878906,0.0,0.0,0.0,0.0,0.0
0.0,0.0,84.06999969482422,0.0,0.0,0.0,0.0,0.0
0.0,0.0,75.33999633789062,0.0,0.0,0.0,0.0,0.0
0.0,0.0,84.06999969482422,0.0,0.0,0.0,0.0,0.0
0.0,0.0,1.9900000095367432,0.0,0.0,0.0,0.0,0.0
0.0,0.0,56.130001068115234,0.0,0.0,0.0,0.0,0.0
0.0,0.0,0.8299999833106995,0.07000000029802322,0.0,0.07999999821186066,0.0,0.0
0.0,0.0,84.06999969482422,0.0,0.0,0.0,0.0,0.0
0.0,0.0,141.69000244140625,0.0,0.0,0.0,0.0,0.0
0.0,0.0,53.220001220703125,0.0,0.0,0.0,0.0,0.0
0.0,0.0,56.130001068115234,0.0,0.0,0.0,0.0,0.0
0.0,0.0,74.75,0.0,0.0,0.0,0.0,0.0
0.0,0.0,49.13999938964844,0.0,0.0,0.0,0.0,0.0
0.0,0.0,56.130001068115234,0.0,0.0,0.0,0.0,0.0
0.0,0.0,56.130001068115234,0.0,0.0,0.0,0.0,0.0
0.0,0.0,56.130001068115234,0.0,0.0,0.0,0.0,0.0
0.0,0.0,6.070000171661377,0.0,0.0,0.0,0.0,0.0
0.0,0.0,1.9900000095367432,0.0,0.0,0.0,0.0,0.0
0.0,0.0,14.800000190734863,0.0,0.0,0.0,0.0,0.0
0.0,0.0,13.050000190734863,0.0,0.0,0.0,0.0,0.0
0.0,0.0,75.91999816894531,0.0,0.0,0.0,0.0,0.0
0.0,0.0,13.640000343322754,0.0,0.0,0.0,0.0,0.0
0.0,0.0,84.06999969482422,0.0,0.0,0.0,0.0,0.0
0.0,0.0,49.720001220703125,0.0,0.0,0.0,0.0,0.0
0.0,0.0,53.220001220703125,0.0,0.0,0.0,0.0,0.0
0.0,0.0,46.810001373291016,0.0,0.0,0.0,0.0,0.0
0.0,0.0,50.310001373291016,0.0,0.0,0.0,0.0,0.0
0.0,0.0,53.220001220703125,0.0,0.0,0.0,0.0,0.0
0.0,0.0,56.130001068115234,0.0,0.0,0.0,0.0,0.0
0.0,0.0,11.890000343322754,0.0,0.0,0.0,0.0,0.0
0.0,0.0,74.75,0.0,0.0,0.0,0.0,0.0
0.0,0.0,12.470000267028809,0.0,0.0,0.0,0.0,0.0
0.0,0.0,56.709999084472656,0.0,0.0,0.0,0.0,0.0
0.0,0.0,50.88999938964844,0.0,0.0,0.0,0.0,0.0
0.0,0.0,46.810001373291016,0.0,0.0,0.0,0.0,0.0
0.0,0.0,56.130001068115234,0.0,0.0,0.0,0.0,0.0
0.0,0.0,49.13999938964844,0.0,0.0,0.0,0.0,0.0
0.0,0.0,56.130001068115234,0.0,0.0,0.0,0.0,0.0
0.0,0.0,56.130001068115234,0.0,0.0,0.0,0.0,0.0
0.0,0.0,56.130001068115234,0.0,0.0,0.0,0.0,0.0
0.0,0.0,6.070000171661377,0.0,0.0,0.0,0.0,0.0
0.0,0.0,1.9900000095367432,0.0,0.0,0.0,0.0,0.0
0.0,0.0,13.050000190734863,0.0,0.0,0.0,0.0,0.0
0.0,0.0,56.130001068115234,0.0,0.0,0.0,0.0,0.0
0.0,0.0,11.890000343322754,0.0,0.0,0.0,0.0,0.0
0.0,0.0,12.470000267028809,0.0,0.0,0.0,0.0,0.0
0.0,0.0,53.220001220703125,0.0,0.0,0.0,0.0,0.0
0.0,0.0,12.470000267028809,0.0,0.0,0.0,0.0,0.0
0.0,0.0,56.709999084472656,0.0,0.0,0.0,0.0,0.0
0.0,0.0,50.88999938964844,0.0,0.0,0.0,0.0,0.0
0.0,0.0,56.130001068115234,0.0,0.0,0.0,0.0,0.0
0.0,0.0,49.13999938964844,0.0,0.0,0.0,0.0,0.0
0.0,0.0,56.130001068115234,0.0,0.0,0.0,0.0,0.0
0.0,0.0,74.75,0.0,0.0,0.0,0.0,0.0
0.0,0.0,47.400001525878906,0.0,0.0,0.0,0.0,0.0
0.0,0.0,56.130001068115234,0.0,0.0,0.0,0.0,0.0
0.0,0.0,56.130001068115234,0.0,0.0,0.0,0.0,0.0
0.0,0.0,56.130001068115234,0.0,0.0,0.0,0.0,0.0
0.0,0.0,6.070000171661377,0.0,0.0,0.0,0.0,0.0
0.0,0.0,1.9900000095367432,0.0,0.0,0.0,0.0,0.0
0.0,0.0,85.2300033569336,0.0,0.0,0.0,0.0,0.0
0.0,0.0,76.5,0.0,0.0,0.0,0.0,0.0
0.0,0.0,13.050000190734863,0.0,0.0,0.0,0.0,0.0
0.0,0.0,75.33999633789062,0.0,0.0,0.0,0.0,0.0
0.0,0.0,47.97999954223633,0.0,0.0,0.0,0.0,0.0
0.0,0.0,29.93000030517578,0.0,0.0,0.0,0.0,0.0
0.0,0.0,84.06999969482422,0.0,0.0,0.0,0.0,0.0
0.0,0.0,85.2300033569336,0.0,0.0,0.0,0.0,0.0
0.0,0.0,13.050000190734863,0.0,0.0,0.0,0.0,0.0
0.0,0.0,56.130001068115234,0.0,0.0,0.0,0.0,0.0
0.0,0.0,76.5,0.0,0.0,0.0,0.0,0.0
0.0,0.0,0.8299999833106995,0.07000000029802322,0.0,0.07999999821186066,0.0,0.0
0.0,0.0,47.97999954223633,0.0,0.0,0.0,0.0,0.0
0.0,0.0,74.75,0.0,0.0,0.0,0.0,0.0
0.0,0.0,47.400001525878906,0.0,0.0,0.0,0.0,0.0
0.0,0.0,74.16999816894531,0.0,0.0,0.0,0.0,0.0
0.0,0.0,85.2300033569336,0.0,0.0,0.0,0.0,0.0
0.0,0.0,75.33999633789062,0.0,0.0,0.0,0.0,0.0
0.0,0.0,84.06999969482422,0.0,0.0,0.0,0.0,0.0
0.0,0.0,1.9900000095367432,0.0,0.0,0.0,0.0,0.0
0.0,0.0,84.06999969482422,0.0,0.0,0.0,0.0,0.0
0.0,0.0,84.6500015258789,0.0,0.0,0.0,0.0,0.0
0.0,0.0,0.8299999833106995,0.07000000029802322,0.0,0.07999999821186066,0.0,0.0
0.0,0.0,84.06999969482422,0.0,0.0,0.0,0.0,0.0
0.0,0.0,93.95999908447266,0.0,0.0,0.0,0.0,0.0
0.0,0.0,56.130001068115234,0.0,0.0,0.0,0.0,0.0
0.0,0.0,56.130001068115234,0.0,0.0,0.0,0.0,0.0
0.0,0.0,47.400001525878906,0.0,0.0,0.0,0.0,0.0
0.0,0.0,84.06999969482422,0.0,0.0,0.0,0.0,0.0
0.0,0.0,75.33999633789062,0.0,0.0,0.0,0.0,0.0
0.0,0.0,0.8299999833106995,0.07000000029802322,0.0,0.07999999821186066,0.0,0.0
0.0,0.0,56.130001068115234,0.0,0.0,0.0,0.0,0.0
0.0,0.0,47.97999954223633,0.0,0.0,0.0,0.0,0.0
0.0,0.0,74.75,0.0,0.0,0.0,0.0,0.0
0.0,0.0,56.130001068115234,0.0,0.0,0.0,0.0,0.0
0.0,0.0,56.130001068115234,0.0,0.0,0.0,0.0,0.0
0.0,0.0,84.06999969482422,0.0,0.0,0.0,0.0,0.0
0.0,0.0,49.13999938964844,0.0,0.0,0.0,0.0,0.0
0.0,0.0,84.06999969482422,0.0,0.0,0.0,0.0,0.0
0.0,0.0,56.709999084472656,0.0,0.0,0.0,0.0,0.0
0.0,0.0,6.070000171661377,0.0,0.0,0.0,0.0,0.0
0.0,0.0,84.06999969482422,0.0,0.0,0.0,0.0,0.0
0.0,0.0,2.5799999237060547,0.0,0.0,0.0,0.0,0.0
0.0,0.0,56.130001068115234,0.0,0.0,0.0,0.0,0.0
0.0,0.0,56.130001068115234,0.0,0.0,0.0,0.0,0.0
0.0,0.0,56.130001068115234,0.0,0.0,0.0,0.0,0.0
0.0,0.0,6.070000171661377,0.0,0.0,0.0,0.0,0.0
0.0,0.0,1.9900000095367432,0.0,0.0,0.0,0.0,0.0
0.0,0.0,13.050000190734863,0.0,0.0,0.0,0.0,0.0
0.0,0.0,75.33999633789062,0.0,0.0,0.0,0.0,0.0
0.0,0.0,47.97999954223633,0.0,0.0,0.0,0.0,0.0
0.0,0.0,56.130001068115234,0.0,0.0,0.0,0.0,0.0
0.0,0.0,0.8299999833106995,0.07000000029802322,0.0,0.07999999821186066,0.0,0.0
0.0,0.0,56.130001068115234,0.0,0.0,0.0,0.0,0.0
0.0,0.0,56.130001068115234,0.0,0.0,0.0,0.0,0.0
0.0,0.0,46.810001373291016,0.0,0.0,0.0,0.0,0.0
0.0,0.0,49.13999938964844,0.0,0.0,0.0,0.0,0.0
0.0,0.0,75.33999633789062,0.0,0.0,0.0,0.0,0.0
0.0,0.0,47.97999954223633,0.0,0.0,0.0,0.0,0.0
0.0,0.0,56.130001068115234,0.0,0.0,0.0,0.0,0.0
0.0,0.0,0.8299999833106995,0.07000000029802322,0.0,0.07999999821186066,0.0,0.0
0.0,0.0,38.65999984741211,0.0,0.0,0.0,0.0,0.0
0.0,0.0,75.33999633789062,0.0,0.0,0.0,0.0,0.0
0.0,0.0,47.97999954223633,0.0,0.0,0.0,0.0,0.0
0.0,0.0,56.130001068115234,0.0,0.0,0.0,0.0,0.0
0.0,0.0,0.8299999833106995,0.07000000029802322,0.0,0.07999999821186066,0.0,0.0
0.0,0.0,46.810001373291016,0.0,0.0,0.0,0.0,0.0
0.0,0.0,56.130001068115234,0.0,0.0,0.0,0.0,0.0
0.0,0.0,56.130001068115234,0.0,0.0,0.0,0.0,0.0
0.0,0.0,46.810001373291016,0.0,0.0,0.0,0.0,0.0
0.0,0.0,56.130001068115234,0.0,0.0,0.0,0.0,0.0
0.0,0.0,56.130001068115234,0.0,0.0,0.0,0.0,0.0
0.0,0.0,46.810001373291016,0.0,0.0,0.0,0.0,0.0
0.0,0.0,74.75,0.0,0.0,0.0,0.0,0.0
0.0,0.0,49.13999938964844,0.0,0.0,0.0,0.0,0.0
0.0,0.0,74.75,0.0,0.0,0.0,0.0,0.0
0.0,0.0,84.6500015258789,0.0,0.0,0.0,0.0,0.0
0.0,0.0,84.06999969482422,0.0,0.0,0.0,0.0,0.0
0.0,0.0,56.130001068115234,0.0,0.0,0.0,0.0,0.0
0.0,0.0,0.8299999833106995,0.07000000029802322,0.0,0.07999999821186066,0.0,0.0
0.0,0.0,84.06999969482422,0.0,0.0,0.0,0.0,0.0
0.0,0.0,84.06999969482422,0.0,0.0,0.0,0.0,0.0
0.0,0.0,75.33999633789062,0.0,0.0,0.0,0.0,0.0
0.0,0.0,49.13999938964844,0.0,0.0,0.0,0.0,0.0
0.0,0.0,75.33999633789062,0.0,0.0,0.0,0.0,0.0
0.0,0.0,76.5,0.0,0.0,0.0,0.0,0.0
0.0,0.0,49.720001220703125,0.0,0.0,0.0,0.0,0.0
0.0,0.0,75.33999633789062,0.0,0.0,0.0,0.0,0.0
0.0,0.0,75.33999633789062,0.0,0.0,0.0,0.0,0.0
0.0,0.0,12.470000267028809,0.0,0.0,0.0,0.0,0.0
0.0,0.0,10.140000343322754,0.0,0.0,0.0,0.0,0.0
0.0,0.0,56.709999084472656,0.0,0.0,0.0,0.0,0.0
0.0,0.0,50.88999938964844,0.0,0.0,0.0,0.0,0.0
0.0,0.0,56.130001068115234,0.0,0.0,0.0,0.0,0.0
0.0,0.0,1.409999966621399,0.0,0.0,0.0,0.0,0.0
0.0,0.0,75.33999633789062,0.0,0.0,0.0,0.0,0.0
0.0,0.0,56.130001068115234,0.0,0.0,0.0,0.0,0.0
0.0,0.0,1.409999966621399,0.0,0.0,0.0,0.0,0.0
0.0,0.0,76.5,0.0,0.0,0.0,0.0,0.0
0.0,0.0,56.130001068115234,0.0,0.0,0.0,0.0,0.0
0.0,0.0,47.97999954223633,0.0,0.0,0.0,0.0,0.0
0.0,0.0,56.130001068115234,0.0,0.0,0.0,0.0,0.0
0.0,0.0,56.130001068115234,0.0,0.0,0.0,0.0,0.0
0.0,0.0,18.8700008392334,0.0,0.0,0.0,0.0,0.0
0.0,0.0,84.6500015258789,0.0,0.0,0.0,0.0,0.0
0.0,0.0,75.91999816894531,0.0,0.0,0.0,0.0,0.0
0.0,0.0,0.8299999833106995,0.07000000029802322,0.0,0.07999999821186066,0.0,0.0
0.0,0.0,84.6500015258789,0.0,0.0,0.0,0.0,0.0
0.0,0.0,0.8299999833106995,0.07000000029802322,0.0,0.07999999821186066,0.0,0.0
0.0,0.0,56.709999084472656,0.0,0.0,0.0,0.0,0.0
0.0,0.0,84.6500015258789,0.0,0.0,0.0,0.0,0.0
0.0,0.0,84.06999969482422,0.0,0.0,0.0,0.0,0.0
0.0,0.0,53.220001220703125,0.0,0.0,0.0,0.0,0.0
0.0,0.0,74.75,0.0,0.0,0.0,0.0,0.0
0.0,0.0,75.91999816894531,0.0,0.0,0.0,0.0,0.0
0.0,0.0,10.140000343322754,0.0,0.0,0.0,0.0,0.0
0.0,0.0,12.470000267028809,0.0,0.0,0.0,0.0,0.0
0.0,0.0,56.709999084472656,0.0,0.0,0.0,0.0,0.0
0.0,0.0,50.88999938964844,0.0,0.0,0.0,0.0,0.0
0.0,0.0,74.75,0.0,0.0,0.0,0.0,0.0
0.0,0.0,49.13999938964844,0.0,0.0,0.0,0.0,0.0
